fraction_observed,model_correct
0.0,0.06857142857142857
0.1,0.04642922286356431
0.2,0.04191137031126649
0.3,0.04489539350270699
0.4,0.04024066823689121
0.5,0.03973819155865893
0.6,0.04087065002374963
0.7,0.04317120734620422
0.8,0.045351664776234764
0.9,0.04319575725815514
1.0,0.02564102564102564
