fraction_observed,model_correct
0.0,0.38
0.1,0.5478260869565217
0.2,0.6484375
0.3,0.6491228070175439
0.4,0.6438356164383562
0.5,0.6530612244897959
0.6,0.5850340136054422
0.7,0.6504065040650406
0.8,0.6068376068376068
0.9,0.813953488372093
1.0,0.9743589743589743
