fraction_observed,cross_entropy
0.0,0.05802973784858501
0.1,0.019201328356110586
0.2,0.02022511594876336
0.3,0.03823188690594102
0.4,0.014367849564351633
0.5,0.014736870353033376
0.6,0.018766331396686545
0.7,0.016692454249465923
0.8,0.01251483417004381
0.9,0.011114729302659328
1.0,0.007079068262028052
