fraction_observed,model_correct
0.0,0.06249999999999999
0.1,0.035937961207024326
0.2,0.033367670865679794
0.3,0.029708814775001507
0.4,0.0279956612216658
0.5,0.028719017188483763
0.6,0.032326376494187695
0.7,0.026749518862328275
0.8,0.02473323378621898
0.9,0.027535569673426488
1.0,0.0
