fraction_observed,cross_entropy
0.0,0.039831602434105655
0.1,0.02496776590181082
0.2,0.022638039738664507
0.3,0.032479496311522096
0.4,0.016441232777964842
0.5,0.01639359227444017
0.6,0.016961726133590486
0.7,0.01712965341541383
0.8,0.013087645757352582
0.9,0.012664115569897027
1.0,0.0067917135530496196
