fraction_observed,cross_entropy
0.0,0.05815422762602352
0.1,0.022775063414462615
0.2,0.0205152010083899
0.3,0.04004426483746637
0.4,0.014763802962709759
0.5,0.015031998361580376
0.6,0.019173169766117014
0.7,0.018350324140066397
0.8,0.015022393872860404
0.9,0.010589507676877467
1.0,0.006634816702371184
