fraction_observed,model_entropy_norm
0.0,0.026252936088056778
0.1,0.023342195162136654
0.2,0.023627994928055434
0.3,0.023781065490079266
0.4,0.022612342769183266
0.5,0.021282930408976754
0.6,0.018990610616055618
0.7,0.0219328341028443
0.8,0.02138065255999093
0.9,0.02188488370040753
1.0,0.03419412034479715
