fraction_observed,model_correct
0.0,0.06271663843120986
0.1,0.03395004231994036
0.2,0.032162984205936176
0.3,0.029708814775001504
0.4,0.02940088663413982
0.5,0.02909220008379673
0.6,0.030022620326874503
0.7,0.02549063709672908
0.8,0.025448880692611038
0.9,0.029860544776584143
1.0,0.019607843137254898
