fraction_observed,model_entropy_norm
0.0,0.6112083342982618
0.1,0.5451081652160699
0.2,0.4644479030966768
0.3,0.4359612086534129
0.4,0.4574063713998008
0.5,0.4507810662206585
0.6,0.5070331781742787
0.7,0.4390068039289023
0.8,0.320328826496579
0.9,0.33337196434685634
1.0,0.08709912250179569
