fraction_observed,model_correct
0.0,0.546875
0.1,0.795774647887324
0.2,0.8079470198675497
0.3,0.8493150684931506
0.4,0.8100558659217877
0.5,0.8218390804597702
0.6,0.8022598870056498
0.7,0.8888888888888888
0.8,0.8926174496644296
0.9,0.8909090909090909
1.0,0.9803921568627451
