fraction_observed,model_correct
0.0,0.06296331249416677
0.1,0.03728297565208318
0.2,0.03216298420593618
0.3,0.029708814775001507
0.4,0.02836277191298827
0.5,0.02833418337158524
0.6,0.03002262032687451
0.7,0.026749518862328268
0.8,0.02473323378621898
0.9,0.02487362859230518
1.0,0.0
