fraction_observed,true_goal_prob
0.0,0.4603559564944933
0.1,0.6138596999436278
0.2,0.6620105102984553
0.3,0.7270667846697162
0.4,0.7347208863032538
0.5,0.7194494712897822
0.6,0.6834211060149563
0.7,0.740707731969089
0.8,0.82820758947357
0.9,0.8695903790413654
1.0,0.9708624107919548
