fraction_observed,cross_entropy
0.0,0.28073305765142054
0.1,0.1312353637815121
0.2,0.12664027668422265
0.3,0.16559393489495958
0.4,0.11969416879185071
0.5,0.1008565120348972
0.6,0.1329487097089245
0.7,0.08238217282507503
0.8,0.08632785569704271
0.9,0.05991219911015105
1.0,0.008736722680488874
