fraction_observed,model_entropy_norm
0.0,0.05009082225196385
0.1,0.030927998071333302
0.2,0.03076857314923453
0.3,0.03275745320532093
0.4,0.0264886673864725
0.5,0.02944432976715941
0.6,0.02495274331567335
0.7,0.03141729614661172
0.8,0.0339457039380871
0.9,0.03665830468687007
1.0,0.04610050425699537
