fraction_observed,model_entropy_norm
0.0,0.7028815182237926
0.1,0.5657776319917536
0.2,0.5010562720942116
0.3,0.4190117785586083
0.4,0.4278165209652508
0.5,0.4391778933487168
0.6,0.5023252133914647
0.7,0.43043418357262064
0.8,0.33899835423084507
0.9,0.2911514090103885
1.0,0.10125128193458398
