fraction_observed,true_goal_prob
0.0,0.37218172420074863
0.1,0.4812058704198748
0.2,0.575420471994316
0.3,0.564883172159129
0.4,0.5892012305653178
0.5,0.596785997855165
0.6,0.5214308813607842
0.7,0.5829204992535129
0.8,0.5949375802260882
0.9,0.756391867415143
1.0,0.9599433264346044
