fraction_observed,model_correct
0.0,0.484375
0.1,0.7323943661971831
0.2,0.8079470198675497
0.3,0.8493150684931506
0.4,0.8268156424581006
0.5,0.8333333333333334
0.6,0.8022598870056498
0.7,0.8758169934640523
0.8,0.8993288590604027
0.9,0.9272727272727272
1.0,1.0
