fraction_observed,model_correct
0.0,0.44
0.1,0.5739130434782609
0.2,0.671875
0.3,0.6491228070175439
0.4,0.6506849315068494
0.5,0.6326530612244898
0.6,0.5306122448979592
0.7,0.6422764227642277
0.8,0.6068376068376068
0.9,0.7906976744186046
1.0,0.9743589743589743
