fraction_observed,cross_entropy
0.0,0.3467175799884132
0.1,0.2341481265431617
0.2,0.20224392011048084
0.3,0.20067896162704388
0.4,0.14639868413643634
0.5,0.1540669431878225
0.6,0.17757212917516904
0.7,0.1444304046925084
0.8,0.09148828099853298
0.9,0.0675361513010297
1.0,0.01567671576310666
