fraction_observed,true_goal_prob
0.0,0.36307669312732466
0.1,0.4756565789401826
0.2,0.570072610297422
0.3,0.5540090865227125
0.4,0.575258169325214
0.5,0.5877907676766976
0.6,0.512004358589678
0.7,0.5741896512114125
0.8,0.5900310789704171
0.9,0.7353546537435058
1.0,0.9426144046739007
