fraction_observed,model_entropy_norm
0.0,0.6415419470135265
0.1,0.5789303664047224
0.2,0.49057475088788915
0.3,0.4821797924942993
0.4,0.4908150999975079
0.5,0.4726168631363383
0.6,0.5489533541651768
0.7,0.4992189248030265
0.8,0.34517451850063463
0.9,0.3813843832810619
1.0,0.21144008846012646
