fraction_observed,model_entropy_norm
0.0,0.025705074188852775
0.1,0.024705545186569738
0.2,0.023700014653120053
0.3,0.02446413069797598
0.4,0.02165382499862948
0.5,0.021700814685276088
0.6,0.019269710456488055
0.7,0.023813748036807122
0.8,0.02390186806418345
0.9,0.025943968983002847
1.0,0.033105700336891544
