fraction_observed,cross_entropy
0.0,0.2852506430960353
0.1,0.12486885297421088
0.2,0.11428808777587975
0.3,0.17298201196577723
0.4,0.10123225417552197
0.5,0.08168411614420967
0.6,0.12618489342188652
0.7,0.086732330075564
0.8,0.0645304068734742
0.9,0.03772921262338697
1.0,0.008646499337827204
