fraction_observed,true_goal_prob
0.0,0.04744479907692404
0.1,0.03620923955262437
0.2,0.03522538597711809
0.3,0.03820265579538478
0.4,0.03188652414246434
0.5,0.033544731347439655
0.6,0.03312024610065404
0.7,0.037853125049488526
0.8,0.03993243153295436
0.9,0.03962229408721889
1.0,0.027306022398435572
