fraction_observed,model_entropy_norm
0.0,0.7208381472915539
0.1,0.5794156539821748
0.2,0.5227962021469659
0.3,0.45263339735516467
0.4,0.44859615509299017
0.5,0.4491516222820586
0.6,0.5245648646051251
0.7,0.4564256549904347
0.8,0.3556503228590268
0.9,0.3171262976004477
1.0,0.16872353148680339
