fraction_observed,model_correct
0.0,0.07091242083423346
0.1,0.04631479453711978
0.2,0.0416641034316566
0.3,0.04489539350270699
0.4,0.039592236387765
0.5,0.03989739969449134
0.6,0.04130266587819655
0.7,0.043396515264403
0.8,0.045351664776234764
0.9,0.044124804560489006
1.0,0.02564102564102564
