fraction_observed,true_goal_prob
0.0,0.4707759069396501
0.1,0.6189188647571675
0.2,0.6513739511040644
0.3,0.7241030805589715
0.4,0.7333712125951825
0.5,0.7268944442239808
0.6,0.6867830015824083
0.7,0.7536965236866913
0.8,0.8170265884900932
0.9,0.8425312367515561
1.0,0.9709468871767146
