fraction_observed,model_entropy_norm
0.0,0.6782317762289695
0.1,0.5523199360628226
0.2,0.5054421062395908
0.3,0.4427629162612401
0.4,0.4213547784326854
0.5,0.4129984194126122
0.6,0.49533134272710666
0.7,0.42807036743811866
0.8,0.34014700203769976
0.9,0.3092811001613453
1.0,0.10217617887240908
