fraction_observed,model_correct
0.0,0.06271663843120986
0.1,0.036635850852771365
0.2,0.03173284384294289
0.3,0.029708814775001507
0.4,0.02940088663413983
0.5,0.029454174910601875
0.6,0.030022620326874506
0.7,0.026133038724665842
0.8,0.02473323378621898
0.9,0.02625282281758046
1.0,0.0
