fraction_observed,model_entropy_norm
0.0,0.024570458482088796
0.1,0.02300754615699791
0.2,0.02247170890162622
0.3,0.022152270327810843
0.4,0.020516704884970646
0.5,0.020868095476406213
0.6,0.018655534597031335
0.7,0.023106681563670017
0.8,0.02310233829525547
0.9,0.026339825327796735
1.0,0.02958162947717927
