fraction_observed,model_entropy_norm
0.0,0.02940840390851157
0.1,0.02319281444096905
0.2,0.022350477327180703
0.3,0.022922179708466144
0.4,0.02088698790174736
0.5,0.020826107913539414
0.6,0.01902649580783617
0.7,0.02296275700119989
0.8,0.021766648688940276
0.9,0.02532897810432487
1.0,0.029336892809311257
