fraction_observed,model_entropy_norm
0.0,0.05010279571960934
0.1,0.02815312906077895
0.2,0.02835546545089045
0.3,0.029156011915716318
0.4,0.02478492644976679
0.5,0.02764984494713116
0.6,0.023643949675029755
0.7,0.029902753535321465
0.8,0.028745326776263923
0.9,0.036591679108509044
1.0,0.03741933115095272
