fraction_observed,true_goal_prob
0.0,0.029702375526089144
0.1,0.022438946399741647
0.2,0.02205709572832365
0.3,0.02378607854025787
0.4,0.01958186977200866
0.5,0.01993953995617866
0.6,0.01966570574135472
0.7,0.02114548077918651
0.8,0.017940036110283972
0.9,0.018579676314432993
1.0,0.012279645691686478
