fraction_observed,model_entropy_norm
0.0,0.6044096561698603
0.1,0.5304864743422762
0.2,0.4568122957993276
0.3,0.45446606336218426
0.4,0.4393177186800438
0.5,0.4149936674081433
0.6,0.4828329182185968
0.7,0.4252460611504938
0.8,0.3077954447762497
0.9,0.338460201627729
1.0,0.09232179629401907
