fraction_observed,true_goal_prob
0.0,0.4582881272049559
0.1,0.6263069915227611
0.2,0.6476878575102591
0.3,0.7056654665701896
0.4,0.7158163125687452
0.5,0.7142575867135129
0.6,0.7071131553446239
0.7,0.7576792677612433
0.8,0.8192421037204287
0.9,0.8375820587448066
1.0,0.941990616094348
