fraction_observed,model_entropy_norm
0.0,0.721106527266714
0.1,0.5551303286323367
0.2,0.5238476026361988
0.3,0.4379679997229053
0.4,0.42506423003385757
0.5,0.41441904846114663
0.6,0.45097526066335614
0.7,0.420269423095502
0.8,0.31839443386100336
0.9,0.29641427811281823
1.0,0.16652421426665323
