fraction_observed,true_goal_prob
0.0,0.048130203194429
0.1,0.03667009583341731
0.2,0.035460247004068086
0.3,0.03909202937342741
0.4,0.032213199769613995
0.5,0.03370474472168801
0.6,0.03354496056689202
0.7,0.038566603010749
0.8,0.04045643569330853
0.9,0.03986641590356866
1.0,0.027298902177080586
