fraction_observed,model_correct
0.0,0.06934092056863769
0.1,0.046614569799583463
0.2,0.04236756192994583
0.3,0.04489539350270699
0.4,0.03976754138601306
0.5,0.039393715300662095
0.6,0.040777479727739784
0.7,0.04317120734620422
0.8,0.045351664776234764
0.9,0.04220861455688512
1.0,0.02564102564102564
