fraction_observed,true_goal_prob
0.0,0.02935850586088304
0.1,0.022520784079682596
0.2,0.022839545834685285
0.3,0.023946951877956712
0.4,0.021608151346018203
0.5,0.022084344321662428
0.6,0.020770283405224972
0.7,0.02061780887676692
0.8,0.020664783189858617
0.9,0.023667470060314534
1.0,0.021449050488980232
