fraction_observed,true_goal_prob
0.0,0.03066789323906328
0.1,0.023309850038990484
0.2,0.02266222069839256
0.3,0.022463494481939066
0.4,0.02022562573986658
0.5,0.021017061820879836
0.6,0.02004222804075699
0.7,0.020517939755181003
0.8,0.01953438549877013
0.9,0.021685872743192593
1.0,0.012294063655937973
