fraction_observed,cross_entropy
0.0,0.03960831145547549
0.1,0.023269368988593254
0.2,0.02190781364597882
0.3,0.031128049320072314
0.4,0.01608598453910856
0.5,0.016567186328834964
0.6,0.016395801237204195
0.7,0.015711142019695992
0.8,0.01140003441402339
0.9,0.012850867564515278
1.0,0.006942456739703658
