fraction_observed,cross_entropy
0.0,0.29149377860143877
0.1,0.11844068646263943
0.2,0.11514548973420562
0.3,0.1680178945496807
0.4,0.10713953506379092
0.5,0.08491011914540736
0.6,0.12949789596477665
0.7,0.08626287667225348
0.8,0.06087036329426751
0.9,0.046883100331424246
1.0,0.017438601950389227
