fraction_observed,true_goal_prob
0.0,0.3771116277143476
0.1,0.4824541111206021
0.2,0.5709539892102398
0.3,0.5623646057295667
0.4,0.5889134461135619
0.5,0.5919739537468652
0.6,0.5202789371849386
0.7,0.5923572983956311
0.8,0.5853581042379871
0.9,0.732233233444336
1.0,0.9597616815407459
