fraction_observed,true_goal_prob
0.0,0.04811243270937706
0.1,0.037336607773015736
0.2,0.035975939825836675
0.3,0.03848030821711466
0.4,0.03310740106690839
0.5,0.034475156134598665
0.6,0.03412696747237263
0.7,0.0389124700411211
0.8,0.04123912754303881
0.9,0.041004066490550904
1.0,0.02727785276157882
