fraction_observed,model_correct
0.0,0.36
0.1,0.5652173913043478
0.2,0.6640625
0.3,0.6491228070175439
0.4,0.6232876712328768
0.5,0.6394557823129252
0.6,0.5782312925170068
0.7,0.6504065040650406
0.8,0.6068376068376068
0.9,0.8023255813953488
1.0,0.9743589743589743
