fraction_observed,cross_entropy
0.0,0.3449129761619282
0.1,0.2189196234308852
0.2,0.22597351318191036
0.3,0.21383308775789767
0.4,0.17374162222732947
0.5,0.1771754502244718
0.6,0.1742575491125148
0.7,0.13208214838075497
0.8,0.11305092272357226
0.9,0.10784357856621433
1.0,0.04338877675879533
