fraction_observed,model_correct
0.0,0.453125
0.1,0.7464788732394366
0.2,0.8145695364238411
0.3,0.8493150684931506
0.4,0.8100558659217877
0.5,0.8160919540229885
0.6,0.8022598870056498
0.7,0.8823529411764706
0.8,0.8993288590604027
0.9,0.9181818181818182
1.0,1.0
