fraction_observed,cross_entropy
0.0,0.3554625151420382
0.1,0.23694187098831565
0.2,0.2204106041057981
0.3,0.18803552602667253
0.4,0.15610531150465565
0.5,0.1618290355467113
0.6,0.17836280294413276
0.7,0.13489955742090876
0.8,0.10999032419315669
0.9,0.09200409616579128
1.0,0.015635459004722952
