fraction_observed,cross_entropy
0.0,0.3525037726579957
0.1,0.2278284047722889
0.2,0.20159747318375165
0.3,0.19747445845147724
0.4,0.15103002525313927
0.5,0.16041366395448978
0.6,0.17895777977805685
0.7,0.14230392666749933
0.8,0.08960553602154872
0.9,0.0750621543387883
1.0,0.023191044310738686
