fraction_observed,true_goal_prob
0.0,0.4521504772617238
0.1,0.6131084446035664
0.2,0.656064085711124
0.3,0.7168330435989604
0.4,0.7230700446982108
0.5,0.7099827334154294
0.6,0.6757748839067803
0.7,0.7338167954254924
0.8,0.8228612518850565
0.9,0.8527222241075869
1.0,0.9561125638904948
