fraction_observed,model_entropy_norm
0.0,0.0489905059757527
0.1,0.027574412368116988
0.2,0.028232443805146407
0.3,0.029014246010645228
0.4,0.02447878708285482
0.5,0.027201942528371027
0.6,0.02331506187634336
0.7,0.029547410229226453
0.8,0.032567802180648864
0.9,0.038671583997767336
1.0,0.0385320131742313
