fraction_observed,cross_entropy
0.0,0.044684807894416374
0.1,0.02564153294022619
0.2,0.0259651017967639
0.3,0.03038664233471231
0.4,0.01875550701495391
0.5,0.019094249668903662
0.6,0.01762802117743382
0.7,0.016478981280680777
0.8,0.018031474036819498
0.9,0.01854591027262592
1.0,0.006797250456182117
