fraction_observed,cross_entropy
0.0,0.0396783143558156
0.1,0.022886727974715918
0.2,0.027072451772590607
0.3,0.032784918008342226
0.4,0.0202446572897211
0.5,0.020700138672252903
0.6,0.019419526615635098
0.7,0.016511290602799912
0.8,0.018703094058637317
0.9,0.02316564397131911
1.0,0.021977462553755222
