fraction_observed,true_goal_prob
0.0,0.029599647517897686
0.1,0.022413637626574227
0.2,0.021675623070762377
0.3,0.02326465437052942
0.4,0.019721263714136524
0.5,0.020425703389410774
0.6,0.019396971434074317
0.7,0.02049910385817875
0.8,0.017541137703770367
0.9,0.019332344328830686
1.0,0.012587050548063812
