fraction_observed,cross_entropy
0.0,0.05726776368950339
0.1,0.02446122739970912
0.2,0.023282362018524044
0.3,0.0387061923298971
0.4,0.02134964926934973
0.5,0.021972942598253834
0.6,0.020704745537227513
0.7,0.018329820559175973
0.8,0.02207888748455738
0.9,0.018210490330848438
1.0,0.006616781195078486
