fraction_observed,model_correct
0.0,0.5625
0.1,0.7605633802816901
0.2,0.7880794701986755
0.3,0.8493150684931506
0.4,0.8324022346368715
0.5,0.8275862068965517
0.6,0.7570621468926554
0.7,0.8758169934640523
0.8,0.8993288590604027
0.9,0.9090909090909091
1.0,1.0
