fraction_observed,model_correct
0.0,0.03887971849597268
0.1,0.030606698150250373
0.2,0.028726388054538213
0.3,0.027780141207023355
0.4,0.02701416040029281
0.5,0.0258216913603543
0.6,0.023969902696687518
0.7,0.026245472217360767
0.8,0.018194683034056153
0.9,0.007166283554857258
1.0,0.0164342253742864
