fraction_observed,cross_entropy
0.0,0.2384952100671308
0.1,0.23576621737638903
0.2,0.2215650061663327
0.3,0.23320971977314867
0.4,0.21401170219023533
0.5,0.19433309189410214
0.6,0.19318112562234827
0.7,0.19059386548349094
0.8,0.12000450003896114
0.9,0.07003464042513252
1.0,0.034453895305674394
