fraction_observed,true_goal_prob
0.0,0.6028414948958741
0.1,0.6090700976254927
0.2,0.5349964667732718
0.3,0.5655393751646868
0.4,0.5790730575846346
0.5,0.5999081555043172
0.6,0.593801549379153
0.7,0.5976114517190666
0.8,0.7066061143783282
0.9,0.8133256440889506
1.0,0.7476133038476435
