fraction_observed,cross_entropy
0.0,0.02273320536388525
0.1,0.016842809078778446
0.2,0.015551138620149783
0.3,0.01678881270012869
0.4,0.015066826723823656
0.5,0.014005279134103588
0.6,0.014302407299970206
0.7,0.016700738093199066
0.8,0.012036642970935207
0.9,0.006944229703077169
1.0,0.017794001932730306
