fraction_observed,cross_entropy
0.0,0.2439919386232772
0.1,0.24066051199228078
0.2,0.23511665282117916
0.3,0.25471419350855334
0.4,0.20635545178177972
0.5,0.19825843298396326
0.6,0.18492633983142542
0.7,0.19859404560417476
0.8,0.11839160848274444
0.9,0.06753303110228344
1.0,0.03690642780036899
