fraction_observed,model_entropy_norm
0.0,0.008550899699823979
0.1,0.006563310672684986
0.2,0.008454219032381501
0.3,0.008158036513329504
0.4,0.009761693674496343
0.5,0.008833671654261278
0.6,0.009157654172085763
0.7,0.012309304596695266
0.8,0.013754373547447789
0.9,0.014954240155736893
1.0,0.02050362719098699
