fraction_observed,cross_entropy
0.0,0.01639332325384429
0.1,0.019461571986365826
0.2,0.010706896078170863
0.3,0.011279068062354815
0.4,0.011979508765365325
0.5,0.00895539087523176
0.6,0.009899677868453749
0.7,0.012386939433161622
0.8,0.010334395980093896
0.9,0.005589568461466729
1.0,0.010599489514553083
