fraction_observed,model_correct
0.0,0.03882310850890596
0.1,0.03096434237346764
0.2,0.02848270140414612
0.3,0.027582811415159635
0.4,0.027014160400292805
0.5,0.025049438945858562
0.6,0.02334577049953891
0.7,0.025147566499666332
0.8,0.018682930227963575
0.9,0.012586144774300185
1.0,0.0164342253742864
