fraction_observed,model_entropy_norm
0.0,0.6536311121075754
0.1,0.6479267652323222
0.2,0.647983950814326
0.3,0.6257269673359079
0.4,0.6294580291729349
0.5,0.6279357605490797
0.6,0.6086695415595981
0.7,0.5774554243801066
0.8,0.46697430473184465
0.9,0.3480499336087638
1.0,0.1404586064586537
