fraction_observed,model_correct
0.0,0.5301204819277109
0.1,0.60546875
0.2,0.5925925925925926
0.3,0.6274509803921569
0.4,0.6979166666666666
0.5,0.6984126984126984
0.6,0.7392638036809815
0.7,0.6952054794520548
0.8,0.8775510204081632
0.9,0.9516129032258065
1.0,0.9626865671641791
