fraction_observed,cross_entropy
0.0,0.16171045198166453
0.1,0.11791376729436473
0.2,0.13477354870207967
0.3,0.12913746852285315
0.4,0.13254755921692216
0.5,0.12941784928649863
0.6,0.13693382605095086
0.7,0.1366539446440213
0.8,0.08412104543426782
0.9,0.043763121570250973
1.0,0.0397167170482295
