fraction_observed,model_correct
0.0,0.536144578313253
0.1,0.57421875
0.2,0.5993265993265994
0.3,0.6339869281045751
0.4,0.7013888888888888
0.5,0.7301587301587301
0.6,0.7699386503067485
0.7,0.7568493150684932
0.8,0.8843537414965986
0.9,0.9483870967741935
1.0,0.9626865671641791
