fraction_observed,model_correct
0.0,0.03885425420866771
0.1,0.030606698150250366
0.2,0.028559244479854074
0.3,0.027684181883302905
0.4,0.0271034277282166
0.5,0.025899880794833734
0.6,0.024353349619436086
0.7,0.02698445656655092
0.8,0.019150493180075504
0.9,0.012207189992293723
1.0,0.0164342253742864
