fraction_observed,model_entropy_norm
0.0,0.4880324430783278
0.1,0.4933614797988195
0.2,0.5469041964148313
0.3,0.49484352800206005
0.4,0.5045594267239925
0.5,0.5139587382833629
0.6,0.5071835182355741
0.7,0.48535670262061525
0.8,0.3992015031652751
0.9,0.27935503262371125
1.0,0.24602034461039893
