fraction_observed,cross_entropy
0.0,0.1627586617335692
0.1,0.12962787548659663
0.2,0.1533099699713268
0.3,0.13148399834317204
0.4,0.1394513713487736
0.5,0.13960801066811562
0.6,0.1516262370894373
0.7,0.14335621170732601
0.8,0.09379067043894355
0.9,0.057183810422008687
1.0,0.05049522105627851
