fraction_observed,model_entropy_norm
0.0,0.027832703566749793
0.1,0.0237288027619894
0.2,0.02041967353752873
0.3,0.019504316836166987
0.4,0.020428242789083034
0.5,0.018672394078437887
0.6,0.018111474459479332
0.7,0.021838385209636928
0.8,0.02197408009310804
0.9,0.01964904255347741
1.0,0.03097566361356455
