fraction_observed,true_goal_prob
0.0,0.02992419235156117
0.1,0.025792138332263084
0.2,0.02462972693016846
0.3,0.0244662041307847
0.4,0.023997406907128777
0.5,0.021521542159497403
0.6,0.02230160111199683
0.7,0.02377206540564122
0.8,0.022812101249605293
0.9,0.019967640628325393
1.0,0.039895952579739095
