fraction_observed,model_correct
0.0,0.04509577025262067
0.1,0.03462050854532553
0.2,0.03492896993742306
0.3,0.03392679997822456
0.4,0.033584485185533364
0.5,0.03226217317322115
0.6,0.031496408865011344
0.7,0.033723556021644646
0.8,0.02910225438967407
0.9,0.02152043951419807
1.0,0.04220773659171449
