fraction_observed,cross_entropy
0.0,0.015834017149223157
0.1,0.01669995397542942
0.2,0.014474685735270217
0.3,0.0161099002680947
0.4,0.014768174975944758
0.5,0.007236056158752607
0.6,0.013234804891106467
0.7,0.015395005807878656
0.8,0.013604854165499178
0.9,0.005829061126948872
1.0,0.012085189291449862
