fraction_observed,model_entropy_norm
0.0,0.5027722321927848
0.1,0.45907141051742384
0.2,0.4716016499861827
0.3,0.4125388074638263
0.4,0.41429301997794366
0.5,0.4168921358068378
0.6,0.422022205173856
0.7,0.3969971459980383
0.8,0.34343237066784343
0.9,0.24194872851391128
1.0,0.20907385863797157
