fraction_observed,cross_entropy
0.0,0.23944902099718568
0.1,0.2443219259235305
0.2,0.23359989963325586
0.3,0.2348775033793951
0.4,0.21543486836870931
0.5,0.20205551228119156
0.6,0.20315297919231615
0.7,0.19710699261831863
0.8,0.12774529209355842
0.9,0.08252263213904101
1.0,0.04265842820732369
