fraction_observed,true_goal_prob
0.0,0.014002535814780195
0.1,0.011743910678678946
0.2,0.011343179700285567
0.3,0.011754188876279553
0.4,0.011847489403346132
0.5,0.010261954183866516
0.6,0.01161576077922086
0.7,0.013153505704509837
0.8,0.012796219473974215
0.9,0.011800617634058362
1.0,0.01439858040231181
