fraction_observed,model_correct
0.0,0.6260869565217392
0.1,0.6906077348066298
0.2,0.5897435897435898
0.3,0.6086956521739131
0.4,0.6733668341708543
0.5,0.677570093457944
0.6,0.6875
0.7,0.6634146341463415
0.8,0.7990196078431373
0.9,0.9090909090909091
1.0,0.7647058823529411
