fraction_observed,model_entropy_norm
0.0,0.026098403797376886
0.1,0.022976227491071942
0.2,0.022015476141246187
0.3,0.021601155061152028
0.4,0.021825139290459553
0.5,0.019861734591490807
0.6,0.01936911486978556
0.7,0.022598388866880644
0.8,0.02273395934053741
0.9,0.02082739202038083
1.0,0.03376649147891139
