fraction_observed,cross_entropy
0.0,0.025099838305017604
0.1,0.020718671444910693
0.2,0.013543957743480226
0.3,0.012098606171848004
0.4,0.012296323685125175
0.5,0.010411852085842147
0.6,0.012983078820564984
0.7,0.011818046375763495
0.8,0.008896113867974138
0.9,0.007757122823116078
1.0,0.01652023567077961
