fraction_observed,model_correct
0.0,0.5240963855421686
0.1,0.60546875
0.2,0.5757575757575758
0.3,0.6209150326797386
0.4,0.7013888888888888
0.5,0.7015873015873015
0.6,0.7515337423312883
0.7,0.7226027397260274
0.8,0.891156462585034
0.9,0.9838709677419355
1.0,0.9626865671641791
