fraction_observed,model_entropy_norm
0.0,0.004795622616773907
0.1,0.007858421726573353
0.2,0.009231792820831893
0.3,0.009625776609762021
0.4,0.008930630362862055
0.5,0.008341800815658596
0.6,0.008786553986574415
0.7,0.011998717523846668
0.8,0.015753240046572067
0.9,0.016741574114518053
1.0,0.018909863323897144
