fraction_observed,cross_entropy
0.0,0.02511619860005829
0.1,0.020520530984342256
0.2,0.013475578996446268
0.3,0.013188884759201675
0.4,0.013373387565688604
0.5,0.011182085759945412
0.6,0.012804432127241933
0.7,0.012775031396076959
0.8,0.011302382091445448
0.9,0.006360115734562602
1.0,0.013759672796045942
