fraction_observed,model_entropy_norm
0.0,0.005386871537948776
0.1,0.007219436916262185
0.2,0.007410258229604181
0.3,0.00830881807317942
0.4,0.007914719240081091
0.5,0.0070856080024150215
0.6,0.008578056015650018
0.7,0.012348228395296498
0.8,0.01621433078061606
0.9,0.017632017324167835
1.0,0.019956968984462458
