fraction_observed,true_goal_prob
0.0,0.528207206318522
0.1,0.5538301449917518
0.2,0.5624758557153683
0.3,0.556643509053581
0.4,0.6187992036709632
0.5,0.6210024145409122
0.6,0.6518955491689556
0.7,0.6510712128379862
0.8,0.7621940251930955
0.9,0.8499611820400679
1.0,0.9540981984595079
