fraction_observed,model_entropy_norm
0.0,0.005280480034628708
0.1,0.006668346188851183
0.2,0.008509878073272017
0.3,0.008862212094653363
0.4,0.010321243204249061
0.5,0.009101484873416563
0.6,0.010186324396589492
0.7,0.012976383225261337
0.8,0.014555452035609434
0.9,0.015268096115498328
1.0,0.013320107782361257
