fraction_observed,cross_entropy
0.0,0.014576676731415364
0.1,0.015446002850953863
0.2,0.01169777903270738
0.3,0.014046638658891997
0.4,0.012397370385114098
0.5,0.010950013020354267
0.6,0.010950502267682648
0.7,0.014246798538773663
0.8,0.010917981616694442
0.9,0.005884908685406054
1.0,0.013593676150921163
