fraction_observed,model_correct
0.0,0.04531585828644966
0.1,0.03445356709736594
0.2,0.035314937123266686
0.3,0.03400351603739355
0.4,0.033329086154389904
0.5,0.03202616755131741
0.6,0.031039086453895137
0.7,0.03308453650305009
0.8,0.02812597226565433
0.9,0.01895585582337043
1.0,0.04220773659171449
