fraction_observed,cross_entropy
0.0,0.16661754852470123
0.1,0.12163433779340366
0.2,0.15327628392891665
0.3,0.15011498214228616
0.4,0.13629836160106185
0.5,0.13928455046591073
0.6,0.14114503181435079
0.7,0.15438677006492205
0.8,0.08446847795105228
0.9,0.04368571948869189
1.0,0.04513704916270669
