fraction_observed,cross_entropy
0.0,0.23834058472394903
0.1,0.2378819470417413
0.2,0.23393327724790394
0.3,0.2249801989877516
0.4,0.1979897310679291
0.5,0.16619244989376794
0.6,0.18092419716918567
0.7,0.1839521831654472
0.8,0.122737882493674
0.9,0.07569496114773257
1.0,0.05089516309889334
