fraction_observed,model_correct
0.0,0.5180722891566265
0.1,0.5703125
0.2,0.5791245791245792
0.3,0.6176470588235294
0.4,0.7222222222222222
0.5,0.707936507936508
0.6,0.745398773006135
0.7,0.702054794520548
0.8,0.8435374149659864
0.9,0.9451612903225807
1.0,0.9626865671641791
