fraction_observed,true_goal_prob
0.0,0.5430517913090211
0.1,0.5761208352899994
0.2,0.5720437386294702
0.3,0.5628784091898594
0.4,0.5946255013887982
0.5,0.6069010095901296
0.6,0.6209328765647886
0.7,0.6302362282455045
0.8,0.7502681481114192
0.9,0.8434426336428555
1.0,0.948064811227485
