fraction_observed,true_goal_prob
0.0,0.5495512599357157
0.1,0.5691516190466741
0.2,0.5727996098792051
0.3,0.5967997152995528
0.4,0.6359714600200639
0.5,0.6456887603551371
0.6,0.6663941920230284
0.7,0.6653576111142656
0.8,0.7573386899258474
0.9,0.8328123624154944
1.0,0.916621898957144
