fraction_observed,model_correct
0.0,0.03889951252827223
0.1,0.03100007288693202
0.2,0.028695706723939472
0.3,0.027826109307283593
0.4,0.026438890420310817
0.5,0.025660845825774593
0.6,0.024164783161712104
0.7,0.026810641833096963
0.8,0.021223823027099128
0.9,0.012951418509899223
1.0,0.0164342253742864
