fraction_observed,model_correct
0.0,0.6086956521739131
0.1,0.6740331491712708
0.2,0.5897435897435898
0.3,0.6135265700483091
0.4,0.678391959798995
0.5,0.6915887850467289
0.6,0.6741071428571429
0.7,0.6536585365853659
0.8,0.7745098039215687
0.9,0.8917748917748918
1.0,0.7647058823529411
