fraction_observed,cross_entropy
0.0,0.01636555968142928
0.1,0.01941012832562873
0.2,0.010452599611770266
0.3,0.010651599754810238
0.4,0.010619584623670205
0.5,0.00832727091654033
0.6,0.00975914894874518
0.7,0.011998590989772458
0.8,0.009075997523617445
0.9,0.006551012125511598
1.0,0.012707328582836335
