fraction_observed,true_goal_prob
0.0,0.014073458286826613
0.1,0.012367613158248204
0.2,0.012442822856066573
0.3,0.012800637851682551
0.4,0.013000803512649824
0.5,0.011328623959742936
0.6,0.012011906667332378
0.7,0.013260650048526525
0.8,0.012145125284452123
0.9,0.010437158397185507
1.0,0.013328531246901181
