fraction_observed,true_goal_prob
0.0,0.5412730990811772
0.1,0.5607335058803014
0.2,0.5481715146906443
0.3,0.5521203782409332
0.4,0.5793784938567276
0.5,0.5863845667248283
0.6,0.6014197002867675
0.7,0.6154416709055509
0.8,0.731882935240834
0.9,0.822972063312828
1.0,0.9392691026537173
