fraction_observed,model_entropy_norm
0.0,0.026621249374549103
0.1,0.02472000610109652
0.2,0.022173703268689015
0.3,0.021856673400446197
0.4,0.02241588328040242
0.5,0.020490332913030193
0.6,0.02014468735816143
0.7,0.02401355234086771
0.8,0.02417857302261394
0.9,0.02264535528899896
1.0,0.03424957908384692
