fraction_observed,true_goal_prob
0.0,0.0158872285593628
0.1,0.012924884690157755
0.2,0.012717276859666391
0.3,0.012572140224972845
0.4,0.01358956865838086
0.5,0.011232192243539638
0.6,0.01290550568239087
0.7,0.01404352808910332
0.8,0.012053914959553049
0.9,0.0103299375703024
1.0,0.016298297053335457
