fraction_observed,true_goal_prob
0.0,0.6050138319733809
0.1,0.6309354701407848
0.2,0.5717110884668384
0.3,0.5808114850145469
0.4,0.6025409520806466
0.5,0.6267949721014942
0.6,0.6210749898289142
0.7,0.6146911140625988
0.8,0.7305128683438249
0.9,0.835500828698105
1.0,0.7591684504053382
