fraction_observed,model_correct
0.0,0.6347826086956522
0.1,0.6850828729281768
0.2,0.6153846153846154
0.3,0.6135265700483091
0.4,0.6633165829145728
0.5,0.6682242990654206
0.6,0.6696428571428571
0.7,0.6341463414634146
0.8,0.7794117647058824
0.9,0.8787878787878788
1.0,0.7647058823529411
