fraction_observed,true_goal_prob
0.0,0.013365856079118424
0.1,0.012141888201469064
0.2,0.013387665583076785
0.3,0.014346025557544951
0.4,0.014769480203309458
0.5,0.013278549790087326
0.6,0.013909542592635717
0.7,0.016178802273703736
0.8,0.013007955692601264
0.9,0.010291048046960257
1.0,0.01393093736136199
