fraction_observed,true_goal_prob
0.0,0.029824310231709807
0.1,0.026016670511124985
0.2,0.026659848775174105
0.3,0.026671196316319947
0.4,0.02642757942342432
0.5,0.023975619197553068
0.6,0.024029758912625022
0.7,0.02615820779236307
0.8,0.023157600633645685
0.9,0.019110747391583485
1.0,0.04052980471558045
