fraction_observed,model_correct
0.0,0.045709346351117126
0.1,0.03493744115395801
0.2,0.03531493712326669
0.3,0.033926799978224564
0.4,0.03319488739074454
0.5,0.03164457376920027
0.6,0.03138697444880401
0.7,0.0333129143931437
0.8,0.029331162294251718
0.9,0.0204846107851906
1.0,0.04220773659171449
