fraction_observed,model_entropy_norm
0.0,0.6291410590759517
0.1,0.632209611502979
0.2,0.6071524400024578
0.3,0.586228727972275
0.4,0.5625228934380448
0.5,0.5586650584715566
0.6,0.5264240216386521
0.7,0.5232061545629454
0.8,0.44560216634028965
0.9,0.3614181927968112
1.0,0.1740587027388709
