fraction_observed,model_entropy_norm
0.0,0.6503400445847138
0.1,0.6137899679613396
0.2,0.6075938027109102
0.3,0.5947713453407389
0.4,0.595101400086542
0.5,0.5878495046480338
0.6,0.5818198116361241
0.7,0.5566264903072207
0.8,0.4472154627362199
0.9,0.32764069481555114
1.0,0.12345411175274235
