fraction_observed,true_goal_prob
0.0,0.591053205130101
0.1,0.6135291654187697
0.2,0.5574098514298125
0.3,0.5715597229361661
0.4,0.6138552352946871
0.5,0.633408541611134
0.6,0.6298103112523907
0.7,0.6189152582306252
0.8,0.7367798109120657
0.9,0.8371593598733114
1.0,0.7620347509751508
