fraction_observed,model_entropy_norm
0.0,0.6720413517016094
0.1,0.6346404461154358
0.2,0.5982136194415075
0.3,0.5700475596512027
0.4,0.5523494437870348
0.5,0.545803766812532
0.6,0.5147031008199415
0.7,0.48413860734975095
0.8,0.41945227961579956
0.9,0.3186212030099646
1.0,0.10230927706927338
