fraction_observed,true_goal_prob
0.0,0.029939597334425357
0.1,0.02614170541313179
0.2,0.025942293472570023
0.3,0.02551308158272317
0.4,0.025031172372025675
0.5,0.022529733650436985
0.6,0.02278265510773951
0.7,0.02394929675493637
0.8,0.022285411609345128
0.9,0.018952196397281518
1.0,0.03979822009519302
