fraction_observed,model_entropy_norm
0.0,0.4833945614014403
0.1,0.43367810820177494
0.2,0.47957327220189994
0.3,0.4449495247690131
0.4,0.45124607152119295
0.5,0.4461762139251187
0.6,0.46485436105733874
0.7,0.45358075365793377
0.8,0.3679487919152433
0.9,0.25142360214959597
1.0,0.22070254138159734
