fraction_observed,true_goal_prob
0.0,0.763008480593248
0.1,0.7392890300376939
0.2,0.7396534282396177
0.3,0.6960791605241888
0.4,0.7438312719661007
0.5,0.7006313292956569
0.6,0.7020239026184324
0.7,0.7284876216451
0.8,0.7272362776093285
0.9,0.6775898777858091
1.0,0.7505836676975755
