fraction_observed,cross_entropy
0.0,0.02044633321989612
0.1,0.01944660276803597
0.2,0.015845796920099773
0.3,0.013747794321856653
0.4,0.015650313023749234
0.5,0.02004736027037495
0.6,0.015262905233661866
0.7,0.01529699262321329
0.8,0.012775306293705765
0.9,0.015280546449071493
1.0,0.022686697079497015
