fraction_observed,cross_entropy
0.0,0.20063018441369493
0.1,0.20506863035468928
0.2,0.2062311805348375
0.3,0.23312798848134797
0.4,0.2281956489299666
0.5,0.22376539325235736
0.6,0.20952790411872232
0.7,0.2081317545101342
0.8,0.20000033153189817
0.9,0.23001602025855047
1.0,0.2335912309877191
