fraction_observed,true_goal_prob
0.0,0.017880758507801218
0.1,0.013070125257797514
0.2,0.011799736710065846
0.3,0.012140013501662505
0.4,0.010972238431112369
0.5,0.012119542007379941
0.6,0.011304594252755146
0.7,0.011005752143188543
0.8,0.010512727437432623
0.9,0.012044124492038934
1.0,0.018495669103022732
