fraction_observed,model_entropy_norm
0.0,0.3904477169380717
0.1,0.4842388996535499
0.2,0.5316991277382962
0.3,0.5979909518575837
0.4,0.4819554535804777
0.5,0.5393316238383272
0.6,0.55961918343583
0.7,0.5261954183838526
0.8,0.5604546189298892
0.9,0.6368869405669747
1.0,0.5089475248990739
