fraction_observed,model_correct
0.0,0.5309278350515464
0.1,0.6016713091922006
0.2,0.5398633257403189
0.3,0.48342541436464087
0.4,0.4130879345603272
0.5,0.4314159292035398
0.6,0.5365296803652968
0.7,0.5180180180180181
0.8,0.5321888412017167
0.9,0.5095890410958904
1.0,0.564935064935065
