fraction_observed,model_correct
0.0,0.035921868944869144
0.1,0.025873723480084307
0.2,0.023814873679242288
0.3,0.026301326715797543
0.4,0.022289373565367337
0.5,0.023321536597161446
0.6,0.023854324404545074
0.7,0.02374028735825666
0.8,0.02313884591605805
0.9,0.02620230100052564
1.0,0.04008026565586809
