fraction_observed,true_goal_prob
0.0,0.7387826357833923
0.1,0.7362900271464056
0.2,0.7303787008262328
0.3,0.6952006418986969
0.4,0.7449966691514855
0.5,0.6981345786123064
0.6,0.7065428029843233
0.7,0.7408139016036696
0.8,0.7450275858019803
0.9,0.7077686345614725
1.0,0.7438386678165049
