fraction_observed,true_goal_prob
0.0,0.028534811136251306
0.1,0.020815040265894133
0.2,0.01782815659585025
0.3,0.018588608298475855
0.4,0.01749319111654463
0.5,0.01776052316685011
0.6,0.017433074586828252
0.7,0.01796558910490854
0.8,0.016954681123219593
0.9,0.018558422135879823
1.0,0.03145776824248766
