fraction_observed,cross_entropy
0.0,0.22666655309022712
0.1,0.2366365650421352
0.2,0.2013596459226433
0.3,0.23364995581161277
0.4,0.2213163453834181
0.5,0.26350597437600853
0.6,0.21484772320395865
0.7,0.2029836459625856
0.8,0.19976553350103662
0.9,0.20320084863695312
1.0,0.2470730273845534
