fraction_observed,model_entropy_norm
0.0,0.023070568406808472
0.1,0.01717242370320313
0.2,0.016460679718490065
0.3,0.017788586150743687
0.4,0.015571723769784556
0.5,0.01730183730964777
0.6,0.017273620037718405
0.7,0.01642982398339338
0.8,0.01669287527488193
0.9,0.01882072764525111
1.0,0.027712473692557086
