fraction_observed,cross_entropy
0.0,0.017924146577896923
0.1,0.020546908648376185
0.2,0.011399959313182443
0.3,0.012987932845825891
0.4,0.014077260636471323
0.5,0.01411213590427407
0.6,0.010979149089542211
0.7,0.011024677738796151
0.8,0.011763635142191989
0.9,0.009635280226319726
1.0,0.019814755700309505
