fraction_observed,model_correct
0.0,0.02531125763513876
0.1,0.01831144109801732
0.2,0.017086317025030492
0.3,0.019922950531367542
0.4,0.016886968103612763
0.5,0.01921349734220985
0.6,0.01928519485566268
0.7,0.017552586734686952
0.8,0.017813243531965898
0.9,0.02012249913280342
1.0,0.028801104712386283
