fraction_observed,model_correct
0.0,0.02444701563578425
0.1,0.019150787694087
0.2,0.018057078497992544
0.3,0.01992295053136753
0.4,0.016794721339937712
0.5,0.01895981006454124
0.6,0.019512235709226795
0.7,0.01784282765594009
0.8,0.017838690484899587
0.9,0.020525819968322367
1.0,0.02793131372650969
