fraction_observed,cross_entropy
0.0,0.02664523058815442
0.1,0.021571098064102047
0.2,0.017585812155588118
0.3,0.017457527319446515
0.4,0.018129742106483864
0.5,0.019019325273184066
0.6,0.018265828737326732
0.7,0.017792195262458132
0.8,0.01472186192229808
0.9,0.01819835614854232
1.0,0.03199021579682511
