fraction_observed,true_goal_prob
0.0,0.017597948858044297
0.1,0.01251637564030281
0.2,0.010522867779245633
0.3,0.01121401561850798
0.4,0.010449887687630896
0.5,0.011318869374000872
0.6,0.01028407142358005
0.7,0.010124662678338158
0.8,0.010066633581295953
0.9,0.010402994532840581
1.0,0.019757737822143438
