fraction_observed,true_goal_prob
0.0,0.5030732349864745
0.1,0.5432753470433029
0.2,0.517275405841223
0.3,0.516227305220888
0.4,0.47775815815626704
0.5,0.5035312669536584
0.6,0.5871849310720068
0.7,0.5528798820611871
0.8,0.6021169391838798
0.9,0.5569806773063327
1.0,0.6080827754987704
