fraction_observed,model_correct
0.0,0.757679180887372
0.1,0.77196261682243
0.2,0.7712854757929883
0.3,0.6948529411764706
0.4,0.7086183310533516
0.5,0.6277602523659306
0.6,0.6527545909849749
0.7,0.6927710843373494
0.8,0.7073906485671192
0.9,0.6480446927374302
1.0,0.759825327510917
