fraction_observed,model_entropy_norm
0.0,0.5193702615690462
0.1,0.5553096309259861
0.2,0.6028595242824161
0.3,0.7199221006711977
0.4,0.6333355857043652
0.5,0.6431490040573199
0.6,0.6902948334445468
0.7,0.698214036150085
0.8,0.7121386700011499
0.9,0.7736552692064149
1.0,0.6520056367938762
