fraction_observed,cross_entropy
0.0,0.2150184104193691
0.1,0.2541285741917419
0.2,0.2351172919147983
0.3,0.25048996607783613
0.4,0.2403469977012631
0.5,0.29469635072074785
0.6,0.2517767780679222
0.7,0.2405573357917883
0.8,0.22244898446729736
0.9,0.26937591419525525
1.0,0.21117259196197843
