fraction_observed,true_goal_prob
0.0,0.028231891312384967
0.1,0.0207439540594886
0.2,0.01745734818317989
0.3,0.017921047095719383
0.4,0.01685417871373013
0.5,0.017492559877494537
0.6,0.017403631495215944
0.7,0.017747169976420722
0.8,0.016725765840705568
0.9,0.018458703406968487
1.0,0.029484625587983874
