fraction_observed,model_correct
0.0,0.5309278350515464
0.1,0.596100278551532
0.2,0.5466970387243736
0.3,0.4861878453038674
0.4,0.4212678936605317
0.5,0.4314159292035398
0.6,0.5296803652968036
0.7,0.5
0.8,0.5300429184549357
0.9,0.4849315068493151
1.0,0.5844155844155844
