fraction_observed,model_entropy_norm
0.0,0.03328989997104317
0.1,0.022952785489219793
0.2,0.019160894007036373
0.3,0.016659591254698475
0.4,0.020778573194904223
0.5,0.021973621329012757
0.6,0.0211327105726638
0.7,0.021058741273343787
0.8,0.021901377937596438
0.9,0.021304368408826397
1.0,0.03678976440926917
