fraction_observed,model_correct
0.0,0.02531125763513876
0.1,0.018511152616608316
0.2,0.017717048973263136
0.3,0.020275908902899754
0.4,0.0172072783919324
0.5,0.019262222068071586
0.6,0.019490726716053897
0.7,0.017817597522678814
0.8,0.01791366348933763
0.9,0.020244946296734477
1.0,0.028291310362625603
