fraction_observed,true_goal_prob
0.0,0.4919419369070254
0.1,0.5454469086733728
0.2,0.5299639324973884
0.3,0.5258949810529013
0.4,0.48848436247312355
0.5,0.5019388429193794
0.6,0.5923570243138051
0.7,0.5613328673436354
0.8,0.601986247488407
0.9,0.563870050403554
1.0,0.5827883905487778
