fraction_observed,true_goal_prob
0.0,0.7831656106606466
0.1,0.7321151242535322
0.2,0.7245744323505773
0.3,0.6873818790772608
0.4,0.7303866544041359
0.5,0.6922125052308531
0.6,0.6890379358770922
0.7,0.7256326209979252
0.8,0.7100959537864677
0.9,0.6641591051590611
1.0,0.7460525134987803
