fraction_observed,cross_entropy
0.0,0.17673516133956835
0.1,0.2392479558706593
0.2,0.21231883649446695
0.3,0.23633403013352752
0.4,0.23418976987630474
0.5,0.27805031100967253
0.6,0.2696887477695747
0.7,0.22165256549075255
0.8,0.23009376902961926
0.9,0.2522818729575434
1.0,0.19293355532425424
