fraction_observed,model_correct
0.0,0.035921868944869144
0.1,0.025989063840569558
0.2,0.023890366273165663
0.3,0.02618533708230574
0.4,0.021999129924621993
0.5,0.023276119734980037
0.6,0.023906022341942588
0.7,0.023753547732558014
0.8,0.02315617301943703
0.9,0.026207022561245193
1.0,0.03984233708298029
