fraction_observed,cross_entropy
0.0,0.019294957344373184
0.1,0.016864755244583935
0.2,0.009576249440619172
0.3,0.011250063983675482
0.4,0.01325341432801068
0.5,0.016367932441557022
0.6,0.009116304589172678
0.7,0.011171375762596214
0.8,0.011182931736517757
0.9,0.007614922751726206
1.0,0.02907097197463335
