fraction_observed,true_goal_prob
0.0,0.016693587706247487
0.1,0.012554140589599009
0.2,0.011226050347171798
0.3,0.01165104112431698
0.4,0.010727223181140295
0.5,0.011616111428161225
0.6,0.011810066351698827
0.7,0.010727342288622639
0.8,0.010605575950468972
0.9,0.011629646472417963
1.0,0.01788950425719283
