fraction_observed,true_goal_prob
0.0,0.511041434763443
0.1,0.5545625308585568
0.2,0.5377623990357485
0.3,0.5278100475376323
0.4,0.48837791140467995
0.5,0.5106893562478941
0.6,0.5866294480233581
0.7,0.5442847366354461
0.8,0.5881794160864529
0.9,0.5355679312746127
1.0,0.5951948292383873
