fraction_observed,model_entropy_norm
0.0,0.02410559121002437
0.1,0.01762275705222497
0.2,0.01672806205527793
0.3,0.017794110433551672
0.4,0.015847769034031758
0.5,0.017364278512398263
0.6,0.01695675071524545
0.7,0.016478970526396405
0.8,0.016410904442819407
0.9,0.019003446351756118
1.0,0.027468209856721583
