fraction_observed,cross_entropy
0.0,0.20814989336649828
0.1,0.23750967622651892
0.2,0.20772741749475365
0.3,0.2324663212356986
0.4,0.21947546498187723
0.5,0.25548705345403405
0.6,0.218180848319826
0.7,0.2037538215508648
0.8,0.19561191396995176
0.9,0.20798039182017575
1.0,0.17984579856294952
