fraction_observed,model_correct
0.0,0.025075327592966067
0.1,0.01815643296873371
0.2,0.017175281229838225
0.3,0.019760645605859307
0.4,0.01681805911091522
0.5,0.019213497342209868
0.6,0.019468954573773962
0.7,0.017917159341224464
0.8,0.017682544642260725
0.9,0.02062831922419875
1.0,0.028291310362625603
