fraction_observed,cross_entropy
0.0,0.17158552619350442
0.1,0.2043658093461918
0.2,0.1880766431862544
0.3,0.21517591387551044
0.4,0.2083950119367267
0.5,0.19654244620418906
0.6,0.1758536809029444
0.7,0.1667873440774426
0.8,0.17342016570047958
0.9,0.174800128499579
1.0,0.18799287522400945
