fraction_observed,model_entropy_norm
0.0,0.03409334819860683
0.1,0.022813032397082246
0.2,0.02069513109022954
0.3,0.02149094016410233
0.4,0.021899215016292235
0.5,0.024215215250077193
0.6,0.023635710409617074
0.7,0.022686070114133136
0.8,0.022476472416164798
0.9,0.023603223853873152
1.0,0.03695666479792124
