fraction_observed,model_entropy_norm
0.0,0.44436595892368635
0.1,0.478977879969449
0.2,0.5575491998819496
0.3,0.6040476076304939
0.4,0.4712156383351915
0.5,0.5445854315431515
0.6,0.6057711189879198
0.7,0.5269408618044317
0.8,0.5238340690938688
0.9,0.6152278850141305
1.0,0.44072593514005154
