fraction_observed,model_entropy_norm
0.0,0.45298511231751853
0.1,0.48248684865654073
0.2,0.5748654523658908
0.3,0.625552867377678
0.4,0.4952918088153155
0.5,0.5552919367477983
0.6,0.6096937514319165
0.7,0.5385235272682919
0.8,0.5343578350546588
0.9,0.6239853843124109
1.0,0.4753184465263361
