fraction_observed,model_entropy_norm
0.0,0.6168918653177753
0.1,0.6097583683487132
0.2,0.6939645839239349
0.3,0.795624093715535
0.4,0.683970977861328
0.5,0.733436186439443
0.6,0.7516499251079354
0.7,0.7358848601219974
0.8,0.7122947891346464
0.9,0.8205480298569183
1.0,0.5947543919383166
