fraction_observed,model_entropy_norm
0.0,0.38718938945895426
0.1,0.44650371566839947
0.2,0.47690127273056077
0.3,0.5596523261467566
0.4,0.4432551559049294
0.5,0.49544264595744203
0.6,0.5616076237866393
0.7,0.5022063307608208
0.8,0.5303903636333234
0.9,0.5869787304843234
1.0,0.47134301368297765
