fraction_observed,cross_entropy
0.0,0.016742067598174808
0.1,0.016847949866520905
0.2,0.009506215957045584
0.3,0.0103248880745523
0.4,0.012523843322581442
0.5,0.01569698541581971
0.6,0.009189597449078903
0.7,0.010775280146990172
0.8,0.010621900083588423
0.9,0.007663378228244127
1.0,0.015135453628955615
