fraction_observed,model_correct
0.0,0.7508532423208191
0.1,0.7663551401869159
0.2,0.7746243739565943
0.3,0.6856617647058824
0.4,0.7045143638850889
0.5,0.6277602523659306
0.6,0.666110183639399
0.7,0.713855421686747
0.8,0.6998491704374057
0.9,0.6815642458100558
1.0,0.7467248908296943
