fraction_observed,cross_entropy
0.0,0.19946140111012364
0.1,0.20298681849114464
0.2,0.1795475503347185
0.3,0.2170153193645666
0.4,0.2111583451091212
0.5,0.20782301986445162
0.6,0.17118189158451622
0.7,0.16341754770584893
0.8,0.1798840134075871
0.9,0.1691490294287265
1.0,0.28796075546808103
