fraction_observed,model_correct
0.0,0.035921868944869144
0.1,0.02593312932952977
0.2,0.02378650218596386
0.3,0.0263057467354432
0.4,0.022351571232010797
0.5,0.023321536597161446
0.6,0.023876066159996726
0.7,0.023755716907278988
0.8,0.02314505093761413
0.9,0.026195217063749346
1.0,0.03984233708298029
