fraction_observed,model_entropy_norm
0.0,0.6364286110002421
0.1,0.6175614508361015
0.2,0.7270881422081082
0.3,0.8447979281618173
0.4,0.7420418959935703
0.5,0.7580604652857886
0.6,0.7604172061343418
0.7,0.7632406938836442
0.8,0.7335278357902502
0.9,0.8348169265512989
1.0,0.6724148816938035
