fraction_observed,true_goal_prob
0.0,0.029998323892192702
0.1,0.021424157245658375
0.2,0.01882854423338149
0.3,0.01955087691608961
0.4,0.017982560680545965
0.5,0.01864477535423087
0.6,0.018107460016871742
0.7,0.01844564392548591
0.8,0.01711583843050329
0.9,0.0193418133569283
1.0,0.03019723467775722
