fraction_observed,model_correct
0.0,0.7747440273037542
0.1,0.7327102803738318
0.2,0.7345575959933222
0.3,0.6856617647058824
0.4,0.7099863201094391
0.5,0.6498422712933754
0.6,0.6494156928213689
0.7,0.697289156626506
0.8,0.698340874811463
0.9,0.6554934823091247
1.0,0.7685589519650655
