fraction_observed,model_entropy_norm
0.0,0.033616627472528665
0.1,0.02324107169518013
0.2,0.01957496052608659
0.3,0.018635373820017922
0.4,0.021246353082639353
0.5,0.022401962111921594
0.6,0.021496382758015152
0.7,0.02179579382549063
0.8,0.02237239692071476
0.9,0.022283591465708193
1.0,0.03849574201432634
