fraction_observed,true_goal_prob
0.0,0.01701790420963521
0.1,0.012502748044543464
0.2,0.010478382800278307
0.3,0.010909303043180262
0.4,0.010220874656804652
0.5,0.011073454253633246
0.6,0.010324011782675153
0.7,0.010060646915626784
0.8,0.009866294559365824
0.9,0.010427069347065422
1.0,0.017683049778077414
