fraction_observed,model_entropy_norm
0.0,0.023232480986443232
0.1,0.017744495821917103
0.2,0.016906950428222024
0.3,0.017442954550216272
0.4,0.015867852041785792
0.5,0.017117521275425127
0.6,0.016623797097521483
0.7,0.016063355907883686
0.8,0.015982111017276823
0.9,0.016938505554458402
1.0,0.026128868232096678
