fraction_observed,cross_entropy
0.0,0.015586923807461964
0.1,0.017100901616995075
0.2,0.010267085716738308
0.3,0.010134340057725821
0.4,0.013909072676103574
0.5,0.017799315957942045
0.6,0.01594416359141439
0.7,0.01233754389593814
0.8,0.011869829812111874
0.9,0.009833984129383938
1.0,0.015724611963617893
