fraction_observed,model_correct
0.0,0.7508532423208191
0.1,0.7588785046728972
0.2,0.7495826377295493
0.3,0.6636029411764706
0.4,0.6839945280437757
0.5,0.6230283911671924
0.6,0.6510851419031719
0.7,0.6987951807228916
0.8,0.693815987933635
0.9,0.6741154562383612
1.0,0.759825327510917
