fraction_observed,true_goal_prob
0.0,0.746088737368914
0.1,0.7348616792961186
0.2,0.7208298191849631
0.3,0.6887092018273298
0.4,0.7378130003833749
0.5,0.6992417331102898
0.6,0.702826550712073
0.7,0.7358708483243441
0.8,0.7445978390263948
0.9,0.7017141656813742
1.0,0.7608487073710478
