fraction_observed,cross_entropy
0.0,0.023222862685177377
0.1,0.020566990939518304
0.2,0.011463948020843908
0.3,0.01462724665899898
0.4,0.015503175918305237
0.5,0.015632484575544493
0.6,0.010816428407231493
0.7,0.011615333209176163
0.8,0.012827315825943361
0.9,0.009482592284430208
1.0,0.041541457078587654
