fraction_observed,model_correct
0.0,0.5309278350515464
0.1,0.5905292479108635
0.2,0.5034168564920274
0.3,0.45027624309392267
0.4,0.3824130879345603
0.5,0.4247787610619469
0.6,0.5159817351598174
0.7,0.49324324324324326
0.8,0.5257510729613734
0.9,0.5013698630136987
1.0,0.5844155844155844
