fraction_observed,model_entropy_norm
0.0,0.024245639462491832
0.1,0.017599164979748956
0.2,0.01683354529531737
0.3,0.017880462351485427
0.4,0.01621513531766244
0.5,0.017451887060489092
0.6,0.016926221670658256
0.7,0.016557977338971037
0.8,0.016462476910502084
0.9,0.018895688400848664
1.0,0.027971891299202897
