fraction_observed,model_correct
0.0,0.717632552404439
0.1,0.7368076040642413
0.2,0.7348973607038123
0.3,0.7397218863361548
0.4,0.7254901960784313
0.5,0.7216129032258064
0.6,0.6883284836728095
0.7,0.7275735294117647
0.8,0.7417711598746082
0.9,0.7885615251299827
1.0,0.8063798219584569
