fraction_observed,model_correct
0.0,0.01118064534963238
0.1,0.007973771731455696
0.2,0.007604565129907248
0.3,0.0077305826619605235
0.4,0.00785478260245117
0.5,0.008107570174979324
0.6,0.00818971865084641
0.7,0.0077286196370018444
0.8,0.006149003928947253
0.9,0.003890869150592305
1.0,0.0028581631405463566
