fraction_observed,cross_entropy
0.0,0.002477518795072702
0.1,0.0018842015276956702
0.2,0.0019426583854849884
0.3,0.002459341353960147
0.4,0.0022100319059675686
0.5,0.002032960907952448
0.6,0.001762417609151325
0.7,0.001887737375349259
0.8,0.0014669589725953371
0.9,0.0013403152566150943
1.0,0.0012011603421258168
