fraction_observed,model_entropy_norm
0.0,0.4727222691007067
0.1,0.4712547692582389
0.2,0.4689526453200385
0.3,0.4636974659363257
0.4,0.44902841432728297
0.5,0.439909618816218
0.6,0.42310889700681914
0.7,0.4002258798752409
0.8,0.32639075179081345
0.9,0.25184290190609615
1.0,0.14517116845959654
