fraction_observed,model_entropy_norm
0.0,0.001406493514129561
0.1,0.000986124884455883
0.2,0.0010408998118986703
0.3,0.0011209814248077975
0.4,0.0012712861315985564
0.5,0.001352592241818644
0.6,0.0017444247906181385
0.7,0.002245110605289005
0.8,0.0027253526318249234
0.9,0.0034319295626067904
1.0,0.0033345616012277436
