fraction_observed,model_entropy_norm
0.0,0.002041377430437937
0.1,0.0011404188589580983
0.2,0.0015754952288039626
0.3,0.0020593157048991563
0.4,0.002688443614315269
0.5,0.0034290176077839338
0.6,0.004209862765225486
0.7,0.005369504105016806
0.8,0.0065601948329693325
0.9,0.007935401297843741
1.0,0.013790996016987273
