fraction_observed,model_entropy_norm
0.0,0.001489452086214532
0.1,0.0009590015134270265
0.2,0.0010800058762032523
0.3,0.0012201609053935209
0.4,0.0014786753411123884
0.5,0.0017299581729453399
0.6,0.002052714602852929
0.7,0.002607122522834656
0.8,0.0026032972056546327
0.9,0.0028069947491317984
1.0,0.0029701513967568954
