fraction_observed,model_correct
0.0,0.717632552404439
0.1,0.7368076040642413
0.2,0.7316715542521994
0.3,0.7339782345828295
0.4,0.7177658942364825
0.5,0.7348387096774194
0.6,0.7235693501454898
0.7,0.8202205882352941
0.8,0.8977272727272727
0.9,0.959792027729636
1.0,0.9910979228486647
