fraction_observed,model_correct
0.0,0.7136524822695035
0.1,0.7213424722287876
0.2,0.7260726072607261
0.3,0.7544500228206299
0.4,0.7470093043863536
0.5,0.7354229085042636
0.6,0.7136920384951881
0.7,0.7312007639054667
0.8,0.7273163706192991
0.9,0.7316437707247749
1.0,0.7284527518172378
