fraction_observed,model_correct
0.0,0.009519558972159656
0.1,0.006893439338040593
0.2,0.006638861304465393
0.3,0.006582353282760743
0.4,0.0065353990890874986
0.5,0.0065889777276530274
0.6,0.00639527823934574
0.7,0.005559417499738237
0.8,0.0044559518475115875
0.9,0.0026290745944843362
1.0,0.0017175487868906537
