fraction_observed,model_entropy_norm
0.0,0.0016730856944373422
0.1,0.001165982435871113
0.2,0.0012101474992275282
0.3,0.0012789326941720581
0.4,0.0014688585846072985
0.5,0.0016233177056079063
0.6,0.0021711343443191807
0.7,0.0027906026196600096
0.8,0.003505488009727076
0.9,0.004709359794053341
1.0,0.004688173132314156
