fraction_observed,model_entropy_norm
0.0,0.0017247556863348307
0.1,0.001127528127080051
0.2,0.0012401788175951732
0.3,0.0013697781746265856
0.4,0.001729361822579757
0.5,0.002049754375798716
0.6,0.002523750019559136
0.7,0.0033004487424334794
0.8,0.003569242963295607
0.9,0.004083119968732654
1.0,0.004466236261181783
