fraction_observed,model_entropy_norm
0.0,0.46890818508604204
0.1,0.4642230445524558
0.2,0.47071204213639833
0.3,0.46862087693203686
0.4,0.46284704456420583
0.5,0.4613731911958388
0.6,0.4510826389698965
0.7,0.4262588083748067
0.8,0.4121742201226306
0.9,0.27944679663250843
1.0,0.10518891180124501
