fraction_observed,cross_entropy
0.0,0.1410529671366616
0.1,0.13884157883700748
0.2,0.14095958178976054
0.3,0.13456190815320057
0.4,0.13295601553422687
0.5,0.12768174439797186
0.6,0.11740119748260602
0.7,0.10352464512437701
0.8,0.08416195172116088
0.9,0.04652972770264806
1.0,0.012869479476103006
