fraction_observed,model_entropy_norm
0.0,0.47154258892325207
0.1,0.4676407615017907
0.2,0.46665871721145835
0.3,0.46011989879025
0.4,0.44886117001632014
0.5,0.44043014585302537
0.6,0.42113227345769727
0.7,0.40389634502135674
0.8,0.3367090565330032
0.9,0.2596213597625561
1.0,0.14787754279829554
