fraction_observed,true_goal_prob
0.0,0.6144170172796817
0.1,0.6221521433203403
0.2,0.6060701420594228
0.3,0.5898443958301977
0.4,0.5823688931311336
0.5,0.5887251016688179
0.6,0.5934500006538826
0.7,0.6524540268339548
0.8,0.7174262454698497
0.9,0.8401850735960112
1.0,0.9522259109656243
