fraction_observed,cross_entropy
0.0,0.002631381038212304
0.1,0.0019606406747803666
0.2,0.0025210680528622315
0.3,0.0031228347650663854
0.4,0.0032653943176107667
0.5,0.0035811362161182084
0.6,0.003563059245229544
0.7,0.0030026703564598693
0.8,0.0022819812132276315
0.9,0.0014294504147016583
1.0,0.0009388455658813821
