fraction_observed,model_correct
0.0,0.717632552404439
0.1,0.7368076040642413
0.2,0.7299120234604105
0.3,0.7288391777509069
0.4,0.7058823529411765
0.5,0.7151612903225807
0.6,0.706433882961526
0.7,0.7959558823529411
0.8,0.8918495297805643
0.9,0.9542461005199306
1.0,0.9888724035608308
