fraction_observed,true_goal_prob
0.0,0.004867668980372104
0.1,0.003537362131750849
0.2,0.0036295812236163036
0.3,0.0043299601005400675
0.4,0.004663643114328652
0.5,0.004966856951740443
0.6,0.005347762287204347
0.7,0.005485736126191722
0.8,0.00486872853446773
0.9,0.003942613134104182
1.0,0.003498880434603469
