fraction_observed,true_goal_prob
0.0,0.004128580740579113
0.1,0.0029998383277946767
0.2,0.003037724590404973
0.3,0.0032990394476868318
0.4,0.003527772819589244
0.5,0.0037557295875153014
0.6,0.0038464805142202746
0.7,0.003828181458078516
0.8,0.003257051127606521
0.9,0.002827782357515401
1.0,0.002737293808677492
