fraction_observed,true_goal_prob
0.0,0.0048373910268102015
0.1,0.0035252731407899897
0.2,0.0034988677188073827
0.3,0.004124184695336714
0.4,0.004381037188289652
0.5,0.004639654735296075
0.6,0.005019488982374631
0.7,0.005531574285849726
0.8,0.005934511831370238
0.9,0.006191445922538004
1.0,0.009343279864264179
