fraction_observed,cross_entropy
0.0,0.14251378365670567
0.1,0.1391685068431858
0.2,0.1504580579141849
0.3,0.1495458760561382
0.4,0.15921083030905095
0.5,0.16190386422733716
0.6,0.15299353424544299
0.7,0.12389626025850008
0.8,0.07499820453300655
0.9,0.041304400271749704
1.0,0.014545968855953235
