fraction_observed,model_correct
0.0,0.6928191489361702
0.1,0.7059796738359726
0.2,0.6996699669966997
0.3,0.6987676859881333
0.4,0.7040319007532122
0.5,0.7257432588153953
0.6,0.7808398950131233
0.7,0.8873239436619719
0.8,0.9407105136821892
0.9,0.9777356702984368
1.0,0.9932502596053998
