fraction_observed,model_correct
0.0,0.009714797175962062
0.1,0.007005104082538172
0.2,0.00680028065324705
0.3,0.006931553170510122
0.4,0.0067949451284539195
0.5,0.006773691090276611
0.6,0.006118657398400927
0.7,0.004886001354134282
0.8,0.0036593954174322166
0.9,0.002270951535730436
1.0,0.0018661971053323947
