fraction_observed,model_correct
0.0,0.01118064534963238
0.1,0.007973771731455696
0.2,0.0075597401700493285
0.3,0.007630200709686756
0.4,0.007693114025501268
0.5,0.008051298122648962
0.6,0.008329648689797181
0.7,0.00853804605827485
0.8,0.008665270310060043
0.9,0.0076034758780511875
1.0,0.010766172541474613
