fraction_observed,model_correct
0.0,0.009519558972159656
0.1,0.006893439338040593
0.2,0.006615894889964368
0.3,0.006502772500322961
0.4,0.006471167085220539
0.5,0.0066973026050309945
0.6,0.006686002394626544
0.7,0.0068506060979065565
0.8,0.006900550070258264
0.9,0.006820214034058198
1.0,0.010136966942755106
