fraction_observed,cross_entropy
0.0,0.14552376186683166
0.1,0.14363115408720153
0.2,0.15722997383717527
0.3,0.1715466859310276
0.4,0.18246562041786998
0.5,0.19075912981568088
0.6,0.18620429920188541
0.7,0.1364140789497142
0.8,0.08454966052745178
0.9,0.0527806850269397
1.0,0.020005074676759667
