fraction_observed,true_goal_prob
0.0,0.6072773477032916
0.1,0.6114217594058697
0.2,0.6035626767547604
0.3,0.6040285441914001
0.4,0.6096619174830537
0.5,0.6146965579943902
0.6,0.6293606218460653
0.7,0.6812696201623263
0.8,0.7188544942543377
0.9,0.8282744156391048
1.0,0.9442608696363134
