fraction_observed,model_entropy_norm
0.0,0.0013220396216646845
0.1,0.000946269722984332
0.2,0.0009528730517871293
0.3,0.001050449671009497
0.4,0.001129497780803266
0.5,0.0012814674288894859
0.6,0.0015299876462223406
0.7,0.0019353094442248462
0.8,0.002270183748256809
0.9,0.0031032341439843395
1.0,0.0043705549654433126
