fraction_observed,model_entropy_norm
0.0,0.47182667685670904
0.1,0.4701198396495084
0.2,0.4736462660632942
0.3,0.47347465864137706
0.4,0.46956136914919594
0.5,0.46487438389200064
0.6,0.45654298723233727
0.7,0.42222570714579194
0.8,0.3999722191816735
0.9,0.32696458232067865
1.0,0.23592087787838467
