fraction_observed,model_correct
0.0,0.009519558972159656
0.1,0.006893439338040593
0.2,0.006653417843198341
0.3,0.006616914725116571
0.4,0.006660945189855852
0.5,0.0067842736358169516
0.6,0.006574178286851845
0.7,0.005948825982900045
0.8,0.004580288814767534
0.9,0.0028855255722937487
1.0,0.0020035690915688464
