fraction_observed,cross_entropy
0.0,0.003118517158472584
0.1,0.0023438239663436484
0.2,0.0027993899721360845
0.3,0.0032172303717111334
0.4,0.0035123656833809204
0.5,0.003784961180144929
0.6,0.0039013873250101833
0.7,0.003618936974707878
0.8,0.002703954653559553
0.9,0.0016529885624903195
1.0,0.0009888836111520915
