fraction_observed,cross_entropy
0.0,0.0026369533838153914
0.1,0.0019521232637340071
0.2,0.0019603560066042275
0.3,0.0023633040058302743
0.4,0.0022105857071187717
0.5,0.0020215058489378296
0.6,0.001774358064757662
0.7,0.0018935182443493145
0.8,0.001501964945468258
0.9,0.0013483612578068952
1.0,0.0011978868034521232
