fraction_observed,model_entropy_norm
0.0,0.4748110087238062
0.1,0.4666381421694216
0.2,0.47844945763895913
0.3,0.4841283321245722
0.4,0.49474991312772604
0.5,0.5140513303774784
0.6,0.5258952916261052
0.7,0.5424777249448209
0.8,0.571442527715243
0.9,0.5706968195737613
1.0,0.505210760868873
