fraction_observed,model_entropy_norm
0.0,0.47766566497396407
0.1,0.4699595799833983
0.2,0.48054463226512306
0.3,0.4920431140977214
0.4,0.5031449926484471
0.5,0.524105892719169
0.6,0.5418611589192815
0.7,0.5504483616109608
0.8,0.5683640576979985
0.9,0.5639397973866783
1.0,0.5124111579887065
