fraction_observed,cross_entropy
0.0,0.0025134555228375076
0.1,0.0018879155717654462
0.2,0.0018807531087410927
0.3,0.002188095993819857
0.4,0.002107189199984908
0.5,0.00206678388190119
0.6,0.0020272250998678194
0.7,0.0023622064974604846
0.8,0.002292934108507674
0.9,0.0024475556383068693
1.0,0.003712261938705593
