fraction_observed,cross_entropy
0.0,0.0030155302260382526
0.1,0.0022655479795790565
0.2,0.002007820856587955
0.3,0.00226530062474455
0.4,0.002324738092075661
0.5,0.0023775162762892823
0.6,0.0025158375820911465
0.7,0.0029837872002869107
0.8,0.0030062841728359237
0.9,0.0029425769085866587
1.0,0.004276424272043912
