fraction_observed,model_correct
0.0,0.7136524822695035
0.1,0.7213424722287876
0.2,0.721012101210121
0.3,0.7412140575079872
0.4,0.7230837394771821
0.5,0.7243604517169855
0.6,0.729002624671916
0.7,0.8190498925757937
0.8,0.9032645223235718
0.9,0.9635243960208432
1.0,0.9922118380062306
