fraction_observed,true_goal_prob
0.0,0.004014241236876802
0.1,0.0029894232121311986
0.2,0.0029091349576937254
0.3,0.003031881067410115
0.4,0.0030258674423451434
0.5,0.003049120907144442
0.6,0.0029302723512755675
0.7,0.0030196393587863008
0.8,0.0028296519166329725
0.9,0.002914516702161332
1.0,0.002860743133301767
