fraction_observed,cross_entropy
0.0,0.0029785153609680538
0.1,0.0022594384839582328
0.2,0.002091855043680808
0.3,0.002519215658983615
0.4,0.0024342437717750245
0.5,0.002309771443288702
0.6,0.0022194366640912234
0.7,0.0024292009560130338
0.8,0.0019334806891044471
0.9,0.001523815666708599
1.0,0.0009732346457157506
