fraction_observed,true_goal_prob
0.0,0.6147726820459211
0.1,0.6230899039808605
0.2,0.6041022176051221
0.3,0.5821226271914974
0.4,0.5661389565472189
0.5,0.5670178162386701
0.6,0.575579019743134
0.7,0.6466267933733673
0.8,0.7676421436060955
0.9,0.8597562484699198
1.0,0.945825339647762
