fraction_observed,cross_entropy
0.0,0.14342948688425533
0.1,0.13907624937504204
0.2,0.14138047360401196
0.3,0.13407555283834582
0.4,0.13750908117232397
0.5,0.14221780211481796
0.6,0.14421395060458633
0.7,0.15207095738509177
0.8,0.1511191072915531
0.9,0.13775379169950075
1.0,0.12009473165193679
