fraction_observed,true_goal_prob
0.0,0.6032850761075107
0.1,0.6096516250678724
0.2,0.6028148884661548
0.3,0.6018674536104464
0.4,0.6090088137648142
0.5,0.6197257213780185
0.6,0.6393026797586644
0.7,0.6924603260007542
0.8,0.7300917323240169
0.9,0.7838980818538123
1.0,0.8603150371522933
