fraction_observed,model_correct
0.0,0.7136524822695035
0.1,0.7213424722287876
0.2,0.722992299229923
0.3,0.7453217708808764
0.4,0.7392556490917147
0.5,0.7483291080894215
0.6,0.7510936132983377
0.7,0.8472189066603008
0.8,0.9090254440710513
0.9,0.9699194694457604
1.0,0.994288681204569
