fraction_observed,cross_entropy
0.0,0.1477201247136365
0.1,0.14485485527565503
0.2,0.14870293877216764
0.3,0.15368324891608065
0.4,0.14893995715038075
0.5,0.14193060137793384
0.6,0.1314244633571413
0.7,0.11030268991547537
0.8,0.0907362612071454
0.9,0.07107128098148478
1.0,0.042606997953157054
