fraction_observed,true_goal_prob
0.0,0.004077644963367225
0.1,0.0029859795587283884
0.2,0.0029242689814622373
0.3,0.0030443754227805443
0.4,0.003153426014573944
0.5,0.0033424595847773436
0.6,0.0034636273829807365
0.7,0.004010459080423172
0.8,0.0042774542020710725
0.9,0.004809421507279518
1.0,0.007922817000492246
