fraction_observed,true_goal_prob
0.0,0.6079018930222368
0.1,0.6122640173083428
0.2,0.6018529130511001
0.3,0.595159657305045
0.4,0.5889016533184315
0.5,0.586372050637884
0.6,0.6035945709049073
0.7,0.679914396774317
0.8,0.7779721879610288
0.9,0.8440937093207912
1.0,0.9337228442960143
