fraction_observed,model_correct
0.0,0.01118064534963238
0.1,0.007973771731455696
0.2,0.007588884488288281
0.3,0.00768392432270959
0.4,0.007758961943011517
0.5,0.007929399273709132
0.6,0.0080429142011583
0.7,0.007364287024553583
0.8,0.005999249153624318
0.9,0.0036580280130987194
1.0,0.0025592939028496347
