fraction_observed,true_goal_prob
0.0,0.004162886022502188
0.1,0.003028071444068347
0.2,0.0029308966060619065
0.3,0.0030747833334739292
0.4,0.0030165860843041382
0.5,0.003044537227824671
0.6,0.0029406927248334758
0.7,0.0030293940680315074
0.8,0.0027460607544760665
0.9,0.002845570203014414
1.0,0.0035680651711980163
