fraction_observed,cross_entropy
0.0,0.143723447501886
0.1,0.14322592921086422
0.2,0.14795534290509513
0.3,0.15348830011244333
0.4,0.1489580802605974
0.5,0.14412112154999357
0.6,0.13509637856755158
0.7,0.11410092090978036
0.8,0.09454554308229607
0.9,0.05703394346244708
1.0,0.017966317320545683
