fraction_observed,model_entropy_norm
0.0,0.47163136842681386
0.1,0.4681818243269977
0.2,0.4731737150252007
0.3,0.47464270745666814
0.4,0.46875137196095285
0.5,0.46751368834048085
0.6,0.4634429442449599
0.7,0.4334486357203941
0.8,0.40893188258462654
0.9,0.2643051792929736
1.0,0.10083530403734345
