fraction_observed,model_entropy_norm
0.0,0.0017737739086740056
0.1,0.0009683009149859344
0.2,0.0013695578426731365
0.3,0.0018652194317655738
0.4,0.0023503669985145133
0.5,0.0029221944234468964
0.6,0.0034137009626614557
0.7,0.004280698538682995
0.8,0.004946297045094292
0.9,0.005922017283559668
1.0,0.010057210130287831
