fraction_observed,cross_entropy
0.0,0.14631463173382886
0.1,0.14339755068055893
0.2,0.1483515583895498
0.3,0.15175745616403927
0.4,0.1548742169387794
0.5,0.1606277444592887
0.6,0.1667583688531325
0.7,0.1686265405277925
0.8,0.16960283631003764
0.9,0.17529338518589338
1.0,0.16377401466347324
