fraction_observed,true_goal_prob
0.0,0.6102206951602422
0.1,0.6216667148065573
0.2,0.6039389844355341
0.3,0.5868635742932719
0.4,0.5718455238120501
0.5,0.5619032848233515
0.6,0.5467999303962997
0.7,0.5660154230624732
0.8,0.5999384112564256
0.9,0.6581995956377089
1.0,0.7222991157083887
