fraction_observed,true_goal_prob
0.0,0.6028179017772678
0.1,0.6110651846077177
0.2,0.6014649750815257
0.3,0.6011296914689854
0.4,0.596658754467073
0.5,0.5847992329462465
0.6,0.5762719930231053
0.7,0.5865365620036642
0.8,0.5869427396418214
0.9,0.5909658513752761
1.0,0.629866198359309
