fraction_observed,true_goal_prob
0.0,0.004772811148490913
0.1,0.0035302652542305046
0.2,0.003481501765099474
0.3,0.004101381497436901
0.4,0.004309627017960866
0.5,0.004451171082782792
0.6,0.004721363724600341
0.7,0.004817592405103642
0.8,0.004424683637719017
0.9,0.004053293399348464
1.0,0.003575094813796468
